NO,기업명,기업코드 첨부내용,ESG등급,환경,사회,지배구조,평가년도,비고 (조정시기)
963,AJ네트웍스,95570,B,D,B,B,2020,2021. 1분기
962,AK홀딩스,6840,B+,C,B+,B+,2020,2021. 1분기
961,BGF,27410,B+,B,A,B+,2020,2021. 1분기
960,BGF리테일,282330,A,B+,B+,A,2020,2021. 1분기
959,BNK금융지주,138930,A+,B+,A+,A+,2020,2021. 1분기
958,BNK캐피탈,801190,,,,B+,2020,2021. 1분기(금융회사)
957,BYC,1460,B,D,B,B+,2020,2021. 1분기
956,CJ,1040,A,B,A,A,2020,2021. 1분기
955,CJ CGV,79160,A,B,A,A,2020,2021. 1분기
954,CJ ENM,35760,B+,C,A,A,2020,2021. 1분기
953,CJ대한통운,120,A,A,B,A,2020,2021. 1분기
952,CJ씨푸드,11150,B,C,B+,B+,2020,2021. 1분기
951,CJ제일제당,97950,A,A,A+,A,2020,2021. 1분기
950,CJ프레시웨이,51500,A,B,A+,A,2020,2021. 1분기
949,CMG제약,58820,C,D,B,C,2020,2021. 1분기
948,CS홀딩스,590,C,D,C,B,2020,2021. 1분기
947,DB,12030,B,D,B,B,2020,2021. 1분기
946,DB금융투자,16610,B,D,A,B,2020,2021. 1분기
945,DB생명보험,818158,,,,B+,2020,2021. 1분기(금융회사)
944,DB손해보험,5830,B+,A,A,B+,2020,2021. 1분기
943,DB하이텍,990,B+,B+,A,B+,2020,2021. 1분기
942,DGB금융지주,139130,A+,A,A+,A+,2020,2021. 1분기
941,DGB생명보험,813363,,,,A,2020,2021. 1분기(금융회사)
940,DRB동일,4840,B,B,B+,B,2020,2021. 1분기
939,DSR,155660,C,B,B,C,2020,2021. 1분기
938,DSR제강,69730,C,C,B,C,2020,2021. 1분기
937,E1,17940,B,C,A,B+,2020,2021. 1분기
936,F&F,7700,D,D,C,C,2020,2021. 1분기
935,GKL,114090,B+,C,A,A,2020,2021. 1분기
934,GS,78930,B+,C,A,A,2020,2021. 1분기
933,GS건설,6360,A,A,B+,A,2020,2021. 1분기
932,GS글로벌,1250,B,D,B+,B+,2020,2021. 1분기
931,GS리테일,7070,B,C,B+,B+,2020,2021. 1분기
930,GS홈쇼핑,28150,A,B+,A,A,2020,2021. 1분기
929,HDC,12630,B+,C,B+,B+,2020,2021. 1분기
928,HDC아이콘트롤스,39570,C,D,C,B,2020,2021. 1분기
927,HDC현대EP,89470,B,B,B+,B,2020,2021. 1분기
926,HDC현대산업개발,294870,B,C,B,B+,2020,2021. 1분기
925,HMM,11200,A,A,A+,A,2020,2021. 1분기
924,HSD엔진,82740,A,B+,A,A,2020,2021. 1분기
923,JB금융지주,175330,A+,A,A,A+,2020,2021. 1분기
922,JW생명과학,234080,B+,B+,B+,B+,2020,2021. 1분기
921,JW중외제약,1060,B,B,B+,B,2020,2021. 1분기
920,JW홀딩스,96760,B+,C,B+,B+,2020,2021. 1분기
919,JYP Ent.,35900,B,D,B,B,2020,2021. 1분기
918,KB금융,105560,A+,A+,A+,A+,2020,2021. 1분기
917,KB손해보험,2550,,,,A,2020,2021. 1분기(금융회사)
916,KB캐피탈,21960,,,,A,2020,2021. 1분기(금융회사)
915,KCC건설,21320,C,C,B,C,2020,2021. 1분기
914,KC그린홀딩스,9440,B,B,B+,B,2020,2021. 1분기
913,KC코트렐,119650,B,B,B,B,2020,2021. 1분기
912,KEC,92220,B,B+,B+,C,2020,2021. 1분기
911,KG이니시스,35600,C,D,B,D,2020,2021. 1분기
910,KG케미칼,1390,D,C,C,D,2020,2021. 1분기
909,KISCO홀딩스,1940,C,B,B,C,2020,2021. 1분기
908,KPX케미칼,25000,B,B,C,B,2020,2021. 1분기
907,KPX홀딩스,92230,C,C,C,B,2020,2021. 1분기
906,KR모터스,40,C,D,C,B,2020,2021. 1분기
905,KSS해운,44450,B+,B,B+,B+,2020,2021. 1분기
904,KTB투자증권,30210,C,D,B,C,2020,2021. 1분기
903,KTH,36030,B+,C,B+,B+,2020,2021. 1분기
902,KTcs,58850,B,D,B+,B+,2020,2021. 1분기
901,KTis,58860,B,D,B+,B+,2020,2021. 1분기
900,KT서브마린,60370,B,D,B+,B+,2020,2021. 1분기
899,LF,93050,B,D,B,B+,2020,2021. 1분기
898,LG,3550,A,B+,A+,B+,2020,2021. 1분기
897,LG디스플레이,34220,A,B+,A+,B+,2020,2021. 1분기
896,LG상사,1120,A,A,A+,A,2020,2021. 1분기
895,LG생활건강,51900,A,A,A+,A,2020,2021. 1분기
894,LG유플러스,32640,B,B+,B+,B,2020,2021. 1분기
893,LG이노텍,11070,A,A,A+,B+,2020,2021. 1분기
892,LG전자,66570,B+,A,A+,B,2020,2021. 1분기
891,LG하우시스,108670,A,A,A+,A,2020,2021. 1분기
890,LG헬로비전,37560,B+,D,B+,A,2020,2021. 1분기
889,LG화학,51910,B,C,A,B+,2020,2021. 1분기
888,LIG넥스원,79550,A,B+,A,A,2020,2021. 1분기
887,LS,6260,B+,B,B+,A,2020,2021. 1분기
886,LS네트웍스,680,B,D,B+,B,2020,2021. 1분기
885,LS전선아시아,229640,B,D,C,B+,2020,2021. 1분기
884,MH에탄올,23150,B,C,B,B+,2020,2021. 1분기
883,NAVER,35420,A,B+,A,A+,2020,2021. 1분기
882,NHN한국사이버결제,60250,B,D,B,B+,2020,2021. 1분기
881,NH농협손해보험,839719,,,,B+,2020,2021. 1분기(금융회사)
880,NH투자증권,5940,B+,B,A+,B+,2020,2021. 1분기
879,NICE,34310,B,D,B,B+,2020,2021. 1분기
878,NICE평가정보,30190,B,D,B,B,2020,2021. 1분기
877,NI스틸,8260,C,D,C,B,2020,2021. 1분기
876,OCI,10060,A,A,A+,A,2020,2021. 1분기
875,RFHIC,218410,C,D,C,B,2020,2021. 1분기
874,S&TC,100840,B+,B,B,B+,2020,2021. 1분기
873,S&T모티브,64960,B+,B,B+,B+,2020,2021. 1분기
872,S&T중공업,3570,B+,B+,B+,B+,2020,2021. 1분기
871,S&T홀딩스,36530,B+,C,B+,B+,2020,2021. 1분기
870,S-Oil,10950,A+,A,A+,A+,2020,2021. 1분기
869,SBS,34120,B,C,B,B+,2020,2021. 1분기
868,SBS미디어홀딩스,101060,B,C,B,B,2020,2021. 1분기
867,SBS콘텐츠허브,46140,C,D,C,B,2020,2021. 1분기
866,SG세계물산,4060,C,D,B,C,2020,2021. 1분기
865,SG충방,1380,D,C,C,D,2020,2021. 1분기
864,SH에너지화학,2360,C,C,C,B+,2020,2021. 1분기
863,SIMPAC,9160,C,C,B,C,2020,2021. 1분기
862,SK,34730,A+,A,A+,A+,2020,2021. 1분기
861,SKC,11790,A,B+,A+,A,2020,2021. 1분기
860,SKC 솔믹스,57500,B,B,B,B+,2020,2021. 1분기
859,SKC코오롱PI,178920,B,C,B,B+,2020,2021. 1분기
858,SK가스,18670,A,B+,A+,A,2020,2021. 1분기
857,SK네트웍스,1740,A+,B+,A+,A+,2020,2021. 1분기
856,SK디스커버리,6120,A,B,A,A,2020,2021. 1분기
855,SK디앤디,210980,B,C,B,B+,2020,2021. 1분기
854,SK렌터카,68400,B,B,C,B,2020,2021. 1분기
853,SK머티리얼즈,36490,B+,B,A,B+,2020,2021. 1분기
852,SK바이오랜드,52260,B,C,B,B+,2020,2021. 1분기
851,SK이노베이션,96770,A,A,A+,A,2020,2021. 1분기
850,SK증권,1510,B,D,A,B,2020,2021. 1분기
849,SK케미칼,285130,B+,B+,A,B+,2020,2021. 1분기
848,SK텔레콤,17670,A+,A+,A,A+,2020,2021. 1분기
847,SK하이닉스,660,A,A,A+,A,2020,2021. 1분기
846,SPC삼립,5610,B+,B,A,B,2020,2021. 1분기
845,STX,11810,B,C,B+,B,2020,2021. 1분기
844,STX엔진,77970,B+,B+,B+,B,2020,2021. 1분기
843,STX중공업,71970,B,C,B+,B+,2020,2021. 1분기
842,TCC스틸,2710,C,B,B,C,2020,2021. 1분기
841,WISCOM,24070,C,C,C,B+,2020,2021. 1분기
840,YG PLUS,37270,B,D,B,B,2020,2021. 1분기
839,가온전선,500,B+,B,B+,B+,2020,2021. 1분기
838,강남제비스코,860,B,B,C,B,2020,2021. 1분기
837,강스템바이오텍,217730,C,D,C,B,2020,2021. 1분기
836,강원랜드,35250,A,B,A,A,2020,2021. 1분기
835,갤럭시아에스엠,11420,C,D,C,C,2020,2021. 1분기
834,갤럭시아컴즈,94480,C,D,C,B,2020,2021. 1분기
833,경남은행,192520,,,,A,2020,2021. 1분기(금융회사)
832,경농,2100,C,B,B+,C,2020,2021. 1분기
831,경동나비엔,9450,B+,B,B+,B+,2020,2021. 1분기
830,경동도시가스,267290,B+,B,A,B+,2020,2021. 1분기
829,경동인베스트,12320,B,C,B,B+,2020,2021. 1분기
828,경방,50,C,C,B,B,2020,2021. 1분기
827,경보제약,214390,B,B,B,B,2020,2021. 1분기
826,경인양행,12610,B,B,C,B,2020,2021. 1분기
825,경인전자,9140,C,D,C,B,2020,2021. 1분기
824,계룡건설산업,13580,B,B,B,B+,2020,2021. 1분기
823,계양전기,12200,B,B,B+,B,2020,2021. 1분기
822,고려산업,2140,C,C,C,C,2020,2021. 1분기
821,고려아연,10130,B+,B+,B,B+,2020,2021. 1분기
820,고려제강,2240,B,B+,B+,C,2020,2021. 1분기
819,고영,98460,B+,B,B+,B+,2020,2021. 1분기
818,광동제약,9290,B,C,B+,B+,2020,2021. 1분기
817,광명전기,17040,C,C,C,C,2020,2021. 1분기
816,광전자,17900,B,C,B,B+,2020,2021. 1분기
815,광주신세계,37710,B+,C,A,B+,2020,2021. 1분기
814,광주은행,192530,,,,A,2020,2021. 1분기(금융회사)
813,교보생명보험,811097,,,,B+,2020,2021. 1분기(금융회사)
812,교보증권,30610,B,D,B+,B,2020,2021. 1분기
811,국도화학,7690,B,B,B,B,2020,2021. 1분기
810,국동,5320,B,D,C,B+,2020,2021. 1분기
809,국민은행,60000,,,,A,2020,2021. 1분기(금융회사)
808,국보,1140,C,B,C,C,2020,2021. 1분기
807,국제약품,2720,C,D,B,C,2020,2021. 1분기
806,그린케미칼,83420,B,B,B,B,2020,2021. 1분기
805,극동유화,14530,B,B,C,B,2020,2021. 1분기
804,금강공업,14280,C,C,B,B,2020,2021. 1분기
803,금비,8870,C,C,B,C,2020,2021. 1분기
802,금양,1570,D,D,C,C,2020,2021. 1분기
801,금호산업,2990,C,B,B+,C,2020,2021. 1분기
800,금호석유화학,11780,A,B+,A,A,2020,2021. 1분기
799,금호에이치티,214330,D,D,C,C,2020,2021. 1분기
798,금호전기,1210,B,B,B,B,2020,2021. 1분기
797,금호타이어,73240,B,B,C,B+,2020,2021. 1분기
796,기신정기,92440,C,D,B,B,2020,2021. 1분기
795,기아자동차,270,A,A,A+,B+,2020,2021. 1분기
794,기업은행,24110,B+,B+,A,B+,2020,2021. 1분기
793,까뮤이앤씨,13700,C,D,C,B,2020,2021. 1분기
792,깨끗한나라,4540,B+,B,B+,B+,2020,2021. 1분기
791,나노메딕스,74610,B,B,C,B,2020,2021. 1분기
790,나노스,151910,C,C,B,C,2020,2021. 1분기
789,나노엔텍,39860,C,D,C,B,2020,2021. 1분기
788,나스미디어,89600,B,D,B,B+,2020,2021. 1분기
787,나우IB,293580,C,D,B,C,2020,2021. 1분기
786,남광토건,1260,B,B,B,B,2020,2021. 1분기
785,남선알미늄,8350,B,C,B+,B,2020,2021. 1분기
784,남성,4270,C,D,B,B,2020,2021. 1분기
783,남양유업,3920,B,C,B+,B+,2020,2021. 1분기
782,남영비비안,2070,C,D,B,B,2020,2021. 1분기
781,남해화학,25860,B,B,B,B+,2020,2021. 1분기
780,네오팜,92730,C,D,B,B,2020,2021. 1분기
779,네이처셀,7390,C,D,C,C,2020,2021. 1분기
778,넥센,5720,B+,B,B+,B+,2020,2021. 1분기
777,넥센타이어,2350,B+,B+,B+,B,2020,2021. 1분기
776,넥스트사이언스,3580,C,D,B,C,2020,2021. 1분기
775,넥슨지티,41140,C,D,B,C,2020,2021. 1분기
774,넷마블,251270,B,D,B+,B+,2020,2021. 1분기
773,노루페인트,90350,B,B,B,B,2020,2021. 1분기
772,노루홀딩스,320,C,C,B,C,2020,2021. 1분기
771,녹십자,6280,B+,B,A,B,2020,2021. 1분기
770,녹십자랩셀,144510,C,D,B,B,2020,2021. 1분기
769,녹십자셀,31390,C,D,B,B,2020,2021. 1분기
768,녹십자홀딩스,5250,B,C,B+,B,2020,2021. 1분기
767,농심,4370,B+,B+,A,B,2020,2021. 1분기
766,농심홀딩스,72710,B+,B,B+,B+,2020,2021. 1분기
765,농우바이오,54050,C,D,C,B+,2020,2021. 1분기
764,농협금융지주,839683,,,,A,2020,2021. 1분기(금융회사)
763,농협생명보험,839723,,,,B+,2020,2021. 1분기(금융회사)
762,농협은행,839742,,,,B,2020,2021. 1분기(금융회사)
761,다스코,58730,B,C,B,B+,2020,2021. 1분기
760,다우기술,23590,B,C,B+,B,2020,2021. 1분기
759,다우데이타,32190,B,D,B+,B,2020,2021. 1분기
758,다원시스,68240,C,C,B,B,2020,2021. 1분기
757,대교,19680,B+,D,B+,A,2020,2021. 1분기
756,대구백화점,6370,B,D,B,B+,2020,2021. 1분기
755,대구은행,5270,,,,B+,2020,2021. 1분기(금융회사)
754,대덕전자,8060,A,B+,A,A,2020,2021. 1분기
753,대동공업,490,B,B,B,B,2020,2021. 1분기
752,대동전자,8110,C,B,C,C,2020,2021. 1분기
751,대림비앤코,5750,B,C,B,B+,2020,2021. 1분기
750,대림산업,210,B+,A,B+,B+,2020,2021. 1분기
749,대림씨엔에스,4440,B,C,B,B+,2020,2021. 1분기
748,대림통상,6570,B,B,B,B,2020,2021. 1분기
747,대상,1680,B,B,B+,B,2020,2021. 1분기
746,대상홀딩스,84690,B,C,B,B,2020,2021. 1분기
745,대성산업,128820,C,C,B,C,2020,2021. 1분기
744,대성에너지,117580,B,B,B+,B,2020,2021. 1분기
743,대성홀딩스,16710,B,C,B+,B,2020,2021. 1분기
742,대신증권,3540,B,D,B+,B+,2020,2021. 1분기
741,대아티아이,45390,B,D,C,B+,2020,2021. 1분기
740,대양금속,9190,B,B,C,B,2020,2021. 1분기
739,대영포장,14160,C,B,C,D,2020,2021. 1분기
738,대우건설,47040,B+,A,B+,B+,2020,2021. 1분기
737,대우부품,9320,D,D,C,C,2020,2021. 1분기
736,대우조선해양,42660,B+,B+,B,A,2020,2021. 1분기
735,대웅,3090,C,C,B+,C,2020,2021. 1분기
734,대웅제약,69620,B+,B,A,B+,2020,2021. 1분기
733,대원강업,430,B,B,B+,B,2020,2021. 1분기
732,대원전선,6340,C,C,C,C,2020,2021. 1분기
731,대원제약,3220,B,D,B+,B+,2020,2021. 1분기
730,대원화성,24890,B+,B+,B,B+,2020,2021. 1분기
729,대유에이텍,2880,C,C,C,C,2020,2021. 1분기
728,대유플러스,300,C,C,C,C,2020,2021. 1분기
727,대창,12800,C,B+,B,C,2020,2021. 1분기
726,대창단조,15230,B,B,B,B,2020,2021. 1분기
725,대한광통신,10170,C,C,C,B+,2020,2021. 1분기
724,대한방직,1070,C,C,C,B+,2020,2021. 1분기
723,대한유화,6650,B,B+,B+,C,2020,2021. 1분기
722,대한전선,1440,B+,B,B+,B+,2020,2021. 1분기
721,대한제강,84010,B,B+,B,B,2020,2021. 1분기
720,대한제당,1790,C,C,C,B,2020,2021. 1분기
719,대한제분,1130,C,C,B,C,2020,2021. 1분기
718,대한항공,3490,A,A,A+,B+,2020,2021. 1분기
717,대한해운,5880,B,C,B,B,2020,2021. 1분기
716,대한화섬,3830,C,B,B+,C,2020,2021. 1분기
715,대현,16090,C,D,C,B,2020,2021. 1분기
714,대호에이엘,69460,B,B,C,B,2020,2021. 1분기
713,대화제약,67080,B,D,B,B+,2020,2021. 1분기
712,더블유게임즈,192080,B,D,B+,B+,2020,2021. 1분기
711,더존비즈온,12510,B,C,B+,B,2020,2021. 1분기
710,덕성,4830,B,B,C,B+,2020,2021. 1분기
709,덕양산업,24900,B,B,B,B,2020,2021. 1분기
708,덴티움,145720,C,D,C,B+,2020,2021. 1분기
707,도화엔지니어링,2150,B+,B,B,B+,2020,2021. 1분기
706,동국제강,1230,B+,B+,A,B,2020,2021. 1분기
705,동국제약,86450,C,D,B+,D,2020,2021. 1분기
704,동남합성,23450,C,D,C,B,2020,2021. 1분기
703,동방,4140,C,B,C,C,2020,2021. 1분기
702,동방아그로,7590,C,D,C,B,2020,2021. 1분기
701,동부건설,5960,C,C,B,B,2020,2021. 1분기
700,동부제철,16380,B,B,B+,B,2020,2021. 1분기
699,동서,26960,C,D,B,C,2020,2021. 1분기
698,동성제약,2210,C,D,B,B,2020,2021. 1분기
697,동성코퍼레이션,102260,B,B,B+,B,2020,2021. 1분기
696,동성화학,5190,C,C,B,B,2020,2021. 1분기
695,동아쏘시오홀딩스,640,B+,C,A,A,2020,2021. 1분기
694,동아에스티,170900,B+,D,B+,A,2020,2021. 1분기
693,동아지질,28100,C,C,C,C,2020,2021. 1분기
692,동아타이어,282690,B,C,B,B,2020,2021. 1분기
691,동양,1520,C,C,C,B,2020,2021. 1분기
690,동양고속,84670,B,C,B,B+,2020,2021. 1분기
689,동양네트웍스,30790,C,D,B,D,2020,2021. 1분기
688,동양물산기업,2900,B+,B,B+,B+,2020,2021. 1분기
687,동양생명,82640,B,D,B+,B+,2020,2021. 1분기
686,동양철관,8970,C,C,C,C,2020,2021. 1분기
685,동양피스톤,92780,B,B,B,B+,2020,2021. 1분기
684,동원F&B,49770,B,B,B+,B,2020,2021. 1분기
683,동원개발,13120,C,D,C,B,2020,2021. 1분기
682,동원금속,18500,B,C,B,B+,2020,2021. 1분기
681,동원산업,6040,B,C,B,B+,2020,2021. 1분기
680,동원수산,30720,C,D,B,B,2020,2021. 1분기
679,동원시스템즈,14820,C,B,B,C,2020,2021. 1분기
678,동일고무벨트,163560,B+,B,B+,B+,2020,2021. 1분기
677,동일산업,4890,B,B+,C,B+,2020,2021. 1분기
676,동일제강,2690,C,C,C,B,2020,2021. 1분기
675,동진쎄미켐,5290,C,C,B,C,2020,2021. 1분기
674,동화약품,20,B,D,B+,B,2020,2021. 1분기
673,두산,150,A+,A+,A+,A,2020,2021. 1분기
672,두산밥캣,241560,B+,D,A,A,2020,2021. 1분기
671,두산인프라코어,42670,A,A,A+,A,2020,2021. 1분기
670,두산중공업,34020,A,A,A+,B+,2020,2021. 1분기
669,두올,16740,B,C,B,B+,2020,2021. 1분기
668,드림어스컴퍼니,60570,C,C,B,B,2020,2021. 1분기
667,디씨엠,24090,C,C,C,B,2020,2021. 1분기
666,디아이,3160,B,B,B,B,2020,2021. 1분기
665,디아이동일,1530,D,D,C,C,2020,2021. 1분기
664,디아이씨,92200,C,C,B,C,2020,2021. 1분기
663,디오,39840,C,D,B,B,2020,2021. 1분기
662,디와이,13570,C,C,C,B+,2020,2021. 1분기
661,디와이파워,210540,C,D,B,B,2020,2021. 1분기
660,디티알오토모티브,7340,B,B,C,B,2020,2021. 1분기
659,디피씨,26890,B,D,B,B+,2020,2021. 1분기
658,락앤락,115390,C,C,B+,C,2020,2021. 1분기
657,레고켐바이오,141080,C,D,C,B,2020,2021. 1분기
656,로보스타,90360,C,D,C,B,2020,2021. 1분기
655,롯데관광개발,32350,C,D,B,C,2020,2021. 1분기
654,롯데손해보험,400,B+,C,A,A,2020,2021. 1분기
653,롯데쇼핑,23530,A,A,A+,A,2020,2021. 1분기
652,롯데정밀화학,4000,A,A,A+,A,2020,2021. 1분기
651,롯데정보통신,286940,A,B+,A,A,2020,2021. 1분기
650,롯데제과,280360,A,A,A+,B+,2020,2021. 1분기
649,롯데지주,4990,B+,B,A,B,2020,2021. 1분기
648,롯데칠성음료,5300,B+,B+,A,B+,2020,2021. 1분기
647,롯데카드,854231,,,,B+,2020,2021. 1분기(금융회사)
646,롯데캐피탈,855981,,,,B+,2020,2021. 1분기(금융회사)
645,롯데케미칼,11170,A,B+,A,A,2020,2021. 1분기
644,롯데푸드,2270,A,B+,A+,B+,2020,2021. 1분기
643,롯데하이마트,71840,A,B+,A+,A,2020,2021. 1분기
642,리노공업,58470,B,C,B,B+,2020,2021. 1분기
641,리더스 기술투자,19570,D,D,C,D,2020,2021. 1분기
640,마니커,27740,C,D,B+,C,2020,2021. 1분기
639,만도,204320,A,A,A+,A,2020,2021. 1분기
638,만호제강,1080,C,C,B,B,2020,2021. 1분기
637,매일유업,267980,B+,B+,B+,B+,2020,2021. 1분기
636,멀티캠퍼스,67280,B,D,B,B,2020,2021. 1분기
635,메디톡스,86900,C,D,D,B,2020,2021. 1분기
634,메디파트너생명공학,15540,C,D,C,C,2020,2021. 1분기
633,메디포스트,78160,B,D,B+,B+,2020,2021. 1분기
632,메리츠금융지주,138040,B+,D,B+,A,2020,2021. 1분기
631,메리츠종금증권,8560,B+,B,A,B+,2020,2021. 1분기
630,메리츠캐피탈,867865,,,,B+,2020,2021. 1분기(금융회사)
629,메리츠화재,60,B,D,B+,B+,2020,2021. 1분기
628,메이슨캐피탈,21880,D,D,C,D,2020,2021. 1분기
627,메지온,140410,C,D,C,C,2020,2021. 1분기
626,메타랩스,90370,C,D,B,B,2020,2021. 1분기
625,메트라이프생명보험,832969,,,,B+,2020,2021. 1분기(금융회사)
624,명문제약,17180,C,D,B,B,2020,2021. 1분기
623,모나리자,12690,B,B,B,B,2020,2021. 1분기
622,모나미,5360,C,D,C,B,2020,2021. 1분기
621,모두투어,80160,B,D,B+,B+,2020,2021. 1분기
620,모토닉,9680,B,B,B,B,2020,2021. 1분기
619,무림P&P,9580,B+,B+,B+,B+,2020,2021. 1분기
618,무림페이퍼,9200,B+,B+,B+,B+,2020,2021. 1분기
617,무학,33920,C,B,C,C,2020,2021. 1분기
616,문배철강,8420,C,D,C,B,2020,2021. 1분기
615,미래산업,25560,B,B,C,B,2020,2021. 1분기
614,미래아이앤지,7120,C,D,C,C,2020,2021. 1분기
613,미래에셋대우,6800,A,B+,A+,B+,2020,2021. 1분기
612,미래에셋생명,85620,B,D,B+,B,2020,2021. 1분기
611,미래컴퍼니,49950,B,D,B,B+,2020,2021. 1분기
610,미래테크놀로지,213090,B,D,B,B+,2020,2021. 1분기
609,미원상사,2840,C,D,B,B,2020,2021. 1분기
608,미원에스씨,268280,C,C,C,B,2020,2021. 1분기
607,미원홀딩스,107590,C,C,C,C,2020,2021. 1분기
606,미원화학,134380,C,C,C,C,2020,2021. 1분기
605,미창석유공업,3650,C,C,C,B,2020,2021. 1분기
604,방림,3610,B,B,C,B,2020,2021. 1분기
603,백광산업,1340,C,B,C,D,2020,2021. 1분기
602,백광소재,14580,C,C,B,B,2020,2021. 1분기
601,백산,35150,C,C,B,B,2020,2021. 1분기
600,범양건영,2410,C,D,C,B,2020,2021. 1분기
599,벽산,7210,C,B,B,C,2020,2021. 1분기
598,보락,2760,C,D,C,B,2020,2021. 1분기
597,보령제약,3850,C,D,B,B,2020,2021. 1분기
596,보해양조,890,B,B,B,B,2020,2021. 1분기
595,부광약품,3000,C,D,C,B,2020,2021. 1분기
594,부국증권,1270,B,D,B,B,2020,2021. 1분기
593,부국철강,26940,D,D,C,C,2020,2021. 1분기
592,부산도시가스,15350,B,C,B+,B+,2020,2021. 1분기
591,부산산업,11390,D,D,C,C,2020,2021. 1분기
590,부산은행,5280,,,,A,2020,2021. 1분기(금융회사)
589,부산주공,5030,C,B,C,C,2020,2021. 1분기
588,비상교육,100220,B,D,B+,B,2020,2021. 1분기
587,비에이치,90460,D,D,C,C,2020,2021. 1분기
586,비티원,101140,C,D,B,C,2020,2021. 1분기
585,빙그레,5180,A,B+,A+,A,2020,2021. 1분기
584,사람인에이치알,143240,B,D,B+,B,2020,2021. 1분기
583,사조대림,3960,C,D,B,B,2020,2021. 1분기
582,사조동아원,8040,C,D,C,B,2020,2021. 1분기
581,사조산업,7160,D,D,C,D,2020,2021. 1분기
580,사조씨푸드,14710,C,D,B,B,2020,2021. 1분기
579,사조오양,6090,C,D,B,C,2020,2021. 1분기
578,산은캐피탈,8270,,,,B,2020,2021. 1분기(금융회사)
577,삼광글라스,5090,C,C,B,C,2020,2021. 1분기
576,삼부토건,1470,C,C,B,B,2020,2021. 1분기
575,삼성SDI,6400,A,A,A,A,2020,2021. 1분기
574,삼성공조,6660,C,C,C,B,2020,2021. 1분기
573,삼성물산,28260,A,A+,A,B+,2020,2021. 1분기
572,삼성바이오로직스,207940,B+,B,A,B+,2020,2021. 1분기
571,삼성생명,32830,B+,A,A,B+,2020,2021. 1분기
570,삼성에스디에스,18260,A,B+,A+,A,2020,2021. 1분기
569,삼성엔지니어링,28050,A,A,A+,A,2020,2021. 1분기
568,삼성전기,9150,A,A,A+,A,2020,2021. 1분기
567,삼성전자,5930,A,A,A+,B+,2020,2021. 1분기
566,삼성제약,1360,C,B,C,D,2020,2021. 1분기
565,삼성중공업,10140,B+,B+,B,A,2020,2021. 1분기
564,삼성증권,16360,B+,B,A+,B,2020,2021. 1분기
563,삼성출판사,68290,C,D,C,B,2020,2021. 1분기
562,삼성카드,29780,B,D,B+,B+,2020,2021. 1분기
561,삼성화재,810,A,A+,A+,A,2020,2021. 1분기
560,삼아알미늄,6110,B,B,C,B,2020,2021. 1분기
559,삼양사,145990,B+,B+,B+,B,2020,2021. 1분기
558,삼양식품,3230,B,B,B,B,2020,2021. 1분기
557,삼양통상,2170,C,B,C,D,2020,2021. 1분기
556,삼양패키징,272550,C,C,B+,C,2020,2021. 1분기
555,삼양홀딩스,70,B+,B,B+,B+,2020,2021. 1분기
554,삼영무역,2810,C,D,C,C,2020,2021. 1분기
553,삼영전자공업,5680,B+,B+,B+,B,2020,2021. 1분기
552,삼영화학공업,3720,C,B,C,C,2020,2021. 1분기
551,삼원강재,23000,B,B+,C,B,2020,2021. 1분기
550,삼익THK,4380,B+,B,B,B+,2020,2021. 1분기
549,삼익악기,2450,C,D,C,B,2020,2021. 1분기
548,삼일제약,520,B,D,B+,B,2020,2021. 1분기
547,삼정펄프,9770,C,C,B,C,2020,2021. 1분기
546,삼진제약,5500,B,D,B+,B,2020,2021. 1분기
545,삼천당제약,250,C,D,B,C,2020,2021. 1분기
544,삼천리,4690,B+,B+,A,B+,2020,2021. 1분기
543,삼표시멘트,38500,B+,B+,B,B+,2020,2021. 1분기
542,삼호,1880,B,B,B+,B,2020,2021. 1분기
541,삼호개발,10960,D,D,C,C,2020,2021. 1분기
540,삼화왕관,4450,B,B,C,B,2020,2021. 1분기
539,삼화전기,9470,C,C,B,B,2020,2021. 1분기
538,삼화전자공업,11230,D,D,C,C,2020,2021. 1분기
537,삼화콘덴서공업,1820,B,B,B,B,2020,2021. 1분기
536,삼화페인트공업,390,B+,B,B+,B+,2020,2021. 1분기
535,상상인,38540,C,D,C,C,2020,2021. 1분기
534,상상인증권,1290,C,D,B,C,2020,2021. 1분기
533,상신브레이크,41650,B,B,B,B,2020,2021. 1분기
532,새론오토모티브,75180,B,B,B,B,2020,2021. 1분기
531,샘표,7540,C,B,B+,C,2020,2021. 1분기
530,샘표식품,248170,C,B,B+,C,2020,2021. 1분기
529,서부T&D,6730,C,D,C,B,2020,2021. 1분기
528,서연,7860,B+,C,B+,B+,2020,2021. 1분기
527,서연이화,200880,B+,B,B+,B+,2020,2021. 1분기
526,서울도시가스,17390,B,C,B+,B,2020,2021. 1분기
525,서울반도체,46890,C,B,B+,C,2020,2021. 1분기
524,서울보증보험,813002,,,,B+,2020,2021. 1분기(금융회사)
523,서울식품공업,4410,B,B,B,B,2020,2021. 1분기
522,서원,21050,B,B,C,B,2020,2021. 1분기
521,서흥,8490,C,C,C,B,2020,2021. 1분기
520,선도전기,7610,B,B,C,B,2020,2021. 1분기
519,선진,136490,B,D,B,B+,2020,2021. 1분기
518,선창산업,2820,B+,B,B,B+,2020,2021. 1분기
517,성문전자,14910,C,C,B,C,2020,2021. 1분기
516,성보화학,3080,C,D,B,B,2020,2021. 1분기
515,성신양회,4980,C,B+,B,C,2020,2021. 1분기
514,성안,11300,C,C,C,B,2020,2021. 1분기
513,성창기업지주,180,C,D,C,C,2020,2021. 1분기
512,세기상사,2420,C,D,C,C,2020,2021. 1분기
511,세방,4360,B+,B,B+,B+,2020,2021. 1분기
510,세방전지,4490,B,B+,B,B,2020,2021. 1분기
509,세아베스틸,1430,B,B,B,B+,2020,2021. 1분기
508,세아제강,306200,B,B,B+,B,2020,2021. 1분기
507,세아제강지주,3030,B,C,B,B,2020,2021. 1분기
506,세아특수강,19440,B,B,C,B,2020,2021. 1분기
505,세아홀딩스,58650,B,C,B,B+,2020,2021. 1분기
504,세우글로벌,13000,C,B,C,C,2020,2021. 1분기
503,세원셀론텍,91090,B,B,B,B,2020,2021. 1분기
502,세원정공,21820,C,C,B+,D,2020,2021. 1분기
501,세이브존I&C,67830,C,D,B,C,2020,2021. 1분기
500,세종공업,33530,C,B,B+,C,2020,2021. 1분기
499,세진중공업,75580,B,D,B+,B+,2020,2021. 1분기
498,세하,27970,B,B+,B,B,2020,2021. 1분기
497,세화아이엠씨,145210,C,D,C,C,2020,2021. 1분기
496,셀트리온,68270,B+,B,B,B+,2020,2021. 1분기
495,셀트리온제약,68760,C,D,C,B,2020,2021. 1분기
494,셀트리온헬스케어,91990,B,D,B,B+,2020,2021. 1분기
493,솔브레인,36830,C,C,B,B,2020,2021. 1분기
492,송원산업,4430,B,B+,B+,C,2020,2021. 1분기
491,수산중공업,17550,B,B,B,B,2020,2021. 1분기
490,스튜디오드래곤,253450,B,D,B,B+,2020,2021. 1분기
489,시그네틱스,33170,C,B,B,C,2020,2021. 1분기
488,시디즈,134790,C,D,C,B,2020,2021. 1분기
487,신대양제지,16590,C,C,C,C,2020,2021. 1분기
486,신도리코,29530,B,B,B+,B,2020,2021. 1분기
485,신라교역,4970,C,D,C,B,2020,2021. 1분기
484,신라젠,215600,C,D,C,B,2020,2021. 1분기
483,신성이엔지,11930,C,C,C,B,2020,2021. 1분기
482,신성통상,5390,C,C,D,C,2020,2021. 1분기
481,신세계,4170,A,B+,A,A,2020,2021. 1분기
480,신세계I&C,35510,B+,B,B+,B+,2020,2021. 1분기
479,신세계건설,34300,B,C,B,B+,2020,2021. 1분기
478,신세계인터내셔날,31430,A,B,A,A,2020,2021. 1분기
477,신세계푸드,31440,B+,B,B+,B+,2020,2021. 1분기
476,신송홀딩스,6880,B,D,B,B+,2020,2021. 1분기
475,신영와코루,5800,C,D,B,C,2020,2021. 1분기
474,신영증권,1720,B,D,B,B+,2020,2021. 1분기
473,신원,9270,D,D,C,C,2020,2021. 1분기
472,신일산업,2700,C,D,C,B,2020,2021. 1분기
471,신풍제약,19170,B,D,B,B+,2020,2021. 1분기
470,신풍제지,2870,B,B+,C,B,2020,2021. 1분기
469,신한금융투자,8670,,,,B,2020,2021. 1분기(금융회사)
468,신한생명보험,828992,,,,B+,2020,2021. 1분기(금융회사)
467,신한은행,10,,,,A,2020,2021. 1분기(금융회사)
466,신한지주,55550,A+,A+,A,A+,2020,2021. 1분기
465,신한카드,32710,,,,A,2020,2021. 1분기(금융회사)
464,신한캐피탈,811323,,,,B+,2020,2021. 1분기(금융회사)
463,신화실업,1770,D,D,C,D,2020,2021. 1분기
462,신화인터텍,56700,B,B,B,B,2020,2021. 1분기
461,신흥,4080,B,D,B,B,2020,2021. 1분기
460,실리콘웍스,108320,B,C,B+,B+,2020,2021. 1분기
459,쌍방울,102280,C,D,B,C,2020,2021. 1분기
458,쌍용양회공업,3410,B+,B,B+,B+,2020,2021. 1분기
457,쌍용자동차,3620,B+,B+,B,B+,2020,2021. 1분기
456,써니전자,4770,C,C,B,B,2020,2021. 1분기
455,씨아이테크,4920,C,D,C,C,2020,2021. 1분기
454,씨에스윈드,112610,B,B,C,B,2020,2021. 1분기
453,씨젠,96530,C,D,C,C,2020,2021. 1분기
452,아난티,25980,C,D,B,D,2020,2021. 1분기
451,아남전자,8700,C,C,C,C,2020,2021. 1분기
450,아모레퍼시픽,90430,A,A,A+,A,2020,2021. 1분기
449,아모레퍼시픽그룹,2790,A,A,A+,A,2020,2021. 1분기
448,아미코젠,92040,C,D,C,C,2020,2021. 1분기
447,아세아,2030,C,C,B,C,2020,2021. 1분기
446,아세아시멘트,183190,B+,B+,B+,B,2020,2021. 1분기
445,아세아제지,2310,B,C,B,B,2020,2021. 1분기
444,아시아나IDT,267850,B,D,B,B,2020,2021. 1분기
443,아시아나항공,20560,B,B+,B+,C,2020,2021. 1분기
442,아이마켓코리아,122900,B,D,B,B+,2020,2021. 1분기
441,아이비케이연금보험,829322,,,,B+,2020,2021. 1분기(금융회사)
440,아이비케이캐피탈,828519,,,,B,2020,2021. 1분기(금융회사)
439,아이에스동서,10780,B,B,B,B+,2020,2021. 1분기
438,아이에이치큐,3560,B,D,B,B+,2020,2021. 1분기
437,아주IB투자,27360,C,D,B,C,2020,2021. 1분기
436,아주캐피탈,33660,B,D,B+,B,2020,2021. 1분기
435,아프리카TV,67160,B,D,B,B,2020,2021. 1분기
434,안랩,53800,B+,C,B+,B+,2020,2021. 1분기
433,안트로젠,65660,C,D,C,B+,2020,2021. 1분기
432,알루코,1780,B,B,B,B,2020,2021. 1분기
431,애경산업,18250,B,C,B+,B,2020,2021. 1분기
430,애경유화,161000,B,B+,C,B,2020,2021. 1분기
429,에넥스,11090,B,B,B+,B,2020,2021. 1분기
428,에버다임,41440,A,B+,B+,A,2020,2021. 1분기
427,에스모,73070,C,C,C,C,2020,2021. 1분기
426,에스에프에이,56190,B+,B,B+,B+,2020,2021. 1분기
425,에스엘,5850,C,B,B+,D,2020,2021. 1분기
424,에스엠,41510,C,D,B,D,2020,2021. 1분기
423,에스엠코어,7820,B,B,C,B,2020,2021. 1분기
422,에스원,12750,B+,B,A,B+,2020,2021. 1분기
421,에스제이엠,123700,C,C,B,C,2020,2021. 1분기
420,에스제이엠홀딩스,25530,B,C,B,B,2020,2021. 1분기
419,에스티큐브,52020,C,D,C,C,2020,2021. 1분기
418,에스티팜,237690,B,D,B+,B+,2020,2021. 1분기
417,에쓰씨엔지니어링,23960,C,C,B,B,2020,2021. 1분기
416,에어부산,298690,B,C,B+,B,2020,2021. 1분기
415,에이블씨엔씨,78520,C,D,B,C,2020,2021. 1분기
414,에이비엘생명보험,804337,,,,B+,2020,2021. 1분기(금융회사)
413,에이아이에이생명보험,801688,,,,B,2020,2021. 1분기(금융회사)
412,에이엔피,15260,C,B,C,C,2020,2021. 1분기
411,에이치엘비,28300,C,D,B,C,2020,2021. 1분기
410,에이치엘비생명과학,67630,C,D,C,C,2020,2021. 1분기
409,에이프로젠 KIC,7460,C,C,D,C,2020,2021. 1분기
408,에이프로젠제약,3060,C,D,C,C,2020,2021. 1분기
407,에코프로,86520,B,C,B+,B+,2020,2021. 1분기
406,엔씨소프트,36570,B+,D,B+,A,2020,2021. 1분기
405,엔에스쇼핑,138250,B+,C,B+,A,2020,2021. 1분기
404,엔에이치엔,181710,B,D,B+,B+,2020,2021. 1분기
403,엔지켐생명과학,183490,C,D,C,B,2020,2021. 1분기
402,엔케이,85310,C,B,C,C,2020,2021. 1분기
401,엔케이물산,9810,C,D,C,C,2020,2021. 1분기
400,엔피씨,4250,C,C,C,C,2020,2021. 1분기
399,엘앤에프,66970,B,B,B+,B,2020,2021. 1분기
398,엘에스일렉트릭,10120,A,B+,A+,B+,2020,2021. 1분기
397,영보화학,14440,B,B,B,B,2020,2021. 1분기
396,영원무역,111770,B,D,B,B+,2020,2021. 1분기
395,영원무역홀딩스,9970,B,D,B,B,2020,2021. 1분기
394,영진약품,3520,B,D,B+,B+,2020,2021. 1분기
393,영풍,670,C,D,B,D,2020,2021. 1분기
392,영풍정밀,36560,B,B,B,B,2020,2021. 1분기
391,영풍제지,6740,B,B,C,B,2020,2021. 1분기
390,영화금속,12280,B,B,C,B,2020,2021. 1분기
389,영흥철강,12160,B,C,B,B+,2020,2021. 1분기
388,예스코홀딩스,15360,B,D,B+,B+,2020,2021. 1분기
387,오뚜기,7310,B+,B+,A,B,2020,2021. 1분기
386,오렌지라이프,79440,,,,A,2020,2021. 1분기(금융회사)
385,오리엔트바이오,2630,C,B,B,C,2020,2021. 1분기
384,오리온,271560,B+,B,B+,A,2020,2021. 1분기
383,오리온홀딩스,1800,B+,C,B+,A,2020,2021. 1분기
382,오리콤,10470,B,D,B+,B+,2020,2021. 1분기
381,오스코텍,39200,C,D,C,C,2020,2021. 1분기
380,오스템임플란트,48260,C,D,B,C,2020,2021. 1분기
379,올릭스,226950,B,D,B,B+,2020,2021. 1분기
378,와이엔텍,67900,C,D,C,C,2020,2021. 1분기
377,와이지-원,19210,B,D,B+,B,2020,2021. 1분기
376,와이지엔터테인먼트,122870,C,D,B,C,2020,2021. 1분기
375,용평리조트,70960,B,C,B,B,2020,2021. 1분기
374,우리금융지주,316140,B+,B+,B+,B+,2020,2021. 1분기
373,우리기술투자,41190,D,D,C,D,2020,2021. 1분기
372,우리들제약,4720,C,D,B,C,2020,2021. 1분기
371,우리들휴브레인,118000,C,D,C,B,2020,2021. 1분기
370,우리은행,30,,,,B,2020,2021. 1분기(금융회사)
369,우리종금,10050,B,D,B,B,2020,2021. 1분기
368,우리카드,879070,,,,B+,2020,2021. 1분기(금융회사)
367,우성사료,6980,C,D,C,C,2020,2021. 1분기
366,우신시스템,17370,B+,B,B,B+,2020,2021. 1분기
365,우진,105840,B+,B,B,B+,2020,2021. 1분기
364,우진아이엔에스,10400,C,C,C,B+,2020,2021. 1분기
363,우진플라임,49800,B,B,B,B,2020,2021. 1분기
362,웅진,16880,B,D,B,B+,2020,2021. 1분기
361,웅진씽크빅,95720,B,D,B,B,2020,2021. 1분기
360,원림,5820,C,D,B,C,2020,2021. 1분기
359,원익IPS,240810,B,C,B+,B+,2020,2021. 1분기
358,웰바이오텍,10600,B,D,B,B,2020,2021. 1분기
357,웹젠,69080,B,D,B,B+,2020,2021. 1분기
356,위메이드,112040,B,D,B,B,2020,2021. 1분기
355,윌비스,8600,C,D,C,C,2020,2021. 1분기
354,유나이티드,33270,B,B,B+,B,2020,2021. 1분기
353,유니드,14830,B,B,B,B,2020,2021. 1분기
352,유니온,910,C,C,B,C,2020,2021. 1분기
351,유니온머티리얼,47400,B,B,B,B,2020,2021. 1분기
350,유니켐,11330,B,B,C,B,2020,2021. 1분기
349,유니퀘스트,77500,B,D,C,B+,2020,2021. 1분기
348,유성기업,2920,C,B,C,C,2020,2021. 1분기
347,유수홀딩스,700,B,C,B,B+,2020,2021. 1분기
346,유안타증권,3470,B,D,B+,B,2020,2021. 1분기
345,유양디앤유,11690,D,C,C,D,2020,2021. 1분기
344,유엔젤,72130,C,B,C,C,2020,2021. 1분기
343,유유제약,220,B,B,C,B,2020,2021. 1분기
342,유진기업,23410,C,C,B+,C,2020,2021. 1분기
341,유진투자증권,1200,B,C,B+,B,2020,2021. 1분기
340,유한양행,100,B+,B+,B+,B+,2020,2021. 1분기
339,유화증권,3460,C,D,C,B,2020,2021. 1분기
338,율촌화학,8730,B,C,B+,B+,2020,2021. 1분기
337,이건산업,8250,B,C,B,B,2020,2021. 1분기
336,이구산업,25820,B,B,C,B,2020,2021. 1분기
335,이노션,214320,B+,D,A,A,2020,2021. 1분기
334,이녹스첨단소재,272290,C,C,B,B,2020,2021. 1분기
333,이니텍,53350,B,D,B,B,2020,2021. 1분기
332,이마트,139480,A,A,A+,A,2020,2021. 1분기
331,이베스트투자증권,78020,B,D,B,B,2020,2021. 1분기
330,이수페타시스,7660,B,B+,B+,C,2020,2021. 1분기
329,이수화학,5950,C,B,B,C,2020,2021. 1분기
328,이스타코,15020,C,D,C,B,2020,2021. 1분기
327,이아이디,93230,D,D,C,C,2020,2021. 1분기
326,이연제약,102460,C,D,B,B,2020,2021. 1분기
325,이오테크닉스,39030,B,B,B,B,2020,2021. 1분기
324,이월드,84680,C,D,C,B,2020,2021. 1분기
323,이테크건설,16250,B,B,B+,B,2020,2021. 1분기
322,이화산업,760,C,C,C,C,2020,2021. 1분기
321,인디에프,14990,C,D,B,B,2020,2021. 1분기
320,인선이엔티,60150,C,C,C,B,2020,2021. 1분기
319,인스코비,6490,C,B,C,C,2020,2021. 1분기
318,인지컨트롤스,23800,C,C,B,C,2020,2021. 1분기
317,인천도시가스,34590,B,C,B,B+,2020,2021. 1분기
316,인크로스,216050,C,D,C,B,2020,2021. 1분기
315,인터지스,129260,B+,B,B,B+,2020,2021. 1분기
314,인터플렉스,51370,C,B,B,C,2020,2021. 1분기
313,인트론바이오,48530,B,B,C,B,2020,2021. 1분기
312,인팩,23810,C,C,C,B,2020,2021. 1분기
311,일동제약,249420,A,B+,A+,B+,2020,2021. 1분기
310,일동홀딩스,230,B+,B,A,B+,2020,2021. 1분기
309,일성건설,13360,B,B,B,B,2020,2021. 1분기
308,일성신약,3120,C,D,B,B,2020,2021. 1분기
307,일신방직,3200,B,B,B,B,2020,2021. 1분기
306,일신석재,7110,C,D,C,B,2020,2021. 1분기
305,일양약품,7570,B,D,B,B+,2020,2021. 1분기
304,일정실업,8500,C,C,C,C,2020,2021. 1분기
303,일진다이아,81000,C,C,B,B,2020,2021. 1분기
302,일진디스플,20760,B,B,B,B,2020,2021. 1분기
301,일진머티리얼즈,20150,C,B,C,C,2020,2021. 1분기
300,일진전기,103590,C,C,B,C,2020,2021. 1분기
299,일진홀딩스,15860,B,C,B,B,2020,2021. 1분기
298,잇츠한불,226320,B,C,B,B,2020,2021. 1분기
297,자화전자,33240,B,B,B+,B,2020,2021. 1분기
296,전방,950,C,C,B+,C,2020,2021. 1분기
295,전북은행,6350,,,,A,2020,2021. 1분기(금융회사)
294,제넥신,95700,B,D,B+,B,2020,2021. 1분기
293,제이비우리캐피탈,818905,,,,B+,2020,2021. 1분기(금융회사)
292,제이에스코퍼레이션,194370,C,D,C,B+,2020,2021. 1분기
291,제이준코스메틱,25620,C,D,C,B,2020,2021. 1분기
290,제이콘텐트리,36420,B,D,B,B,2020,2021. 1분기
289,제일기획,30000,B+,D,A,B+,2020,2021. 1분기
288,제일약품,271980,C,D,B,B,2020,2021. 1분기
287,제일연마,1560,C,C,C,B,2020,2021. 1분기
286,제일파마홀딩스,2620,B,D,B,B,2020,2021. 1분기
285,제주은행,6220,B+,C,A,A,2020,2021. 1분기
284,제주항공,89590,B,C,B+,B+,2020,2021. 1분기
283,젬백스,82270,D,D,C,D,2020,2021. 1분기
282,조광페인트,4910,C,C,B,B,2020,2021. 1분기
281,조광피혁,4700,C,D,C,B,2020,2021. 1분기
280,조비,1550,C,D,B,B,2020,2021. 1분기
279,조선내화,480,C,B,B,C,2020,2021. 1분기
278,조선선재,120030,C,D,C,B+,2020,2021. 1분기
277,조일알미늄,18470,B,B,C,B,2020,2021. 1분기
276,조흥,2600,B,B,C,B,2020,2021. 1분기
275,종근당,185750,B,C,B+,B+,2020,2021. 1분기
274,종근당바이오,63160,C,B,C,C,2020,2021. 1분기
273,종근당홀딩스,1630,C,C,B+,C,2020,2021. 1분기
272,주성엔지니어링,36930,B,B,B+,B,2020,2021. 1분기
271,주연테크,44380,C,C,B,C,2020,2021. 1분기
270,지니뮤직,43610,B,D,B,B+,2020,2021. 1분기
269,지엠비코리아,13870,C,C,B,C,2020,2021. 1분기
268,지역난방공사,71320,A,B+,A+,B+,2020,2021. 1분기
267,지코,10580,C,C,C,C,2020,2021. 1분기
266,지투알,35000,B,D,B+,B+,2020,2021. 1분기
265,지트리비앤티,115450,C,D,B,B,2020,2021. 1분기
264,진도,88790,B,D,B,B,2020,2021. 1분기
263,진양산업,3780,C,D,C,B,2020,2021. 1분기
262,진양폴리우레탄,10640,C,D,C,B,2020,2021. 1분기
261,진양홀딩스,100250,C,D,C,C,2020,2021. 1분기
260,진양화학,51630,D,D,C,C,2020,2021. 1분기
259,진에어,272450,B+,C,B+,A,2020,2021. 1분기
258,진원생명과학,11000,C,D,C,B,2020,2021. 1분기
257,진흥기업,2780,C,C,B,B,2020,2021. 1분기
256,차바이오텍,85660,C,D,C,B,2020,2021. 1분기
255,참엔지니어링,9310,B,B,B,B,2020,2021. 1분기
254,천일고속,650,B,C,B,B+,2020,2021. 1분기
253,청호컴넷,12600,B,B,C,B,2020,2021. 1분기
252,체시스,33250,C,C,B,C,2020,2021. 1분기
251,카카오,35720,B+,C,A+,A,2020,2021. 1분기
250,카페24,42000,B,D,B,B+,2020,2021. 1분기
249,카프로,6380,B+,B+,B,B+,2020,2021. 1분기
248,컨버즈,109070,D,C,C,D,2020,2021. 1분기
247,컴투스,78340,B,D,B,B+,2020,2021. 1분기
246,케어젠,214370,C,D,C,B,2020,2021. 1분기
245,케이디비생명보험,807958,,,,B,2020,2021. 1분기(금융회사)
244,케이뱅크은행,800172,,,,A+,2020,2021. 1분기(금융회사)
243,케이비국민카드,861717,,,,A+,2020,2021. 1분기(금융회사)
242,케이비생명보험,805087,,,,A,2020,2021. 1분기(금융회사)
241,케이비아이동국실업,1620,C,B,B,C,2020,2021. 1분기
240,케이비증권,3450,,,,A,2020,2021. 1분기(금융회사)
239,케이씨,29460,B+,B,B,B+,2020,2021. 1분기
238,케이씨씨,2380,B+,B+,A,B,2020,2021. 1분기
237,케이씨텍,281820,B,B,B,B,2020,2021. 1분기
236,케이씨티시,9070,B,B,B,B,2020,2021. 1분기
235,케이엠더블유,32500,C,C,C,B+,2020,2021. 1분기
234,케이티,30200,A+,A,A,A+,2020,2021. 1분기
233,케이티스카이라이프,53210,B+,C,B+,B+,2020,2021. 1분기
232,케이티앤지,33780,A,B+,A+,A,2020,2021. 1분기
231,코리아써키트,7810,C,B+,B,C,2020,2021. 1분기
230,코리아오토글라스,152330,B,B,B,B,2020,2021. 1분기
229,코리안리,3690,B,D,B,B+,2020,2021. 1분기
228,코미팜,41960,C,D,B,B,2020,2021. 1분기
227,코스맥스,192820,B+,B+,B+,B,2020,2021. 1분기
226,코스맥스비티아이,44820,B,B,B,B,2020,2021. 1분기
225,코스모신소재,5070,B+,B+,B,B+,2020,2021. 1분기
224,코스모화학,5420,C,B,C,D,2020,2021. 1분기
223,코아스,71950,B+,B,B,B+,2020,2021. 1분기
222,코엔텍,29960,C,B,D,B,2020,2021. 1분기
221,코오롱,2020,B,C,B+,B,2020,2021. 1분기
220,코오롱글로벌,3070,B,C,B,B+,2020,2021. 1분기
219,코오롱머티리얼,144620,B,C,B,B+,2020,2021. 1분기
218,코오롱생명과학,102940,C,D,B+,D,2020,2021. 1분기
217,코오롱인더,120110,B+,B+,B+,B+,2020,2021. 1분기
216,코오롱플라스틱,138490,B+,B,B+,B+,2020,2021. 1분기
215,코웨이,21240,A,A,A+,B+,2020,2021. 1분기
214,코웰패션,33290,C,C,B,C,2020,2021. 1분기
213,콜마비앤에이치,200130,C,D,C,B+,2020,2021. 1분기
212,콤텍시스템,31820,C,D,B,C,2020,2021. 1분기
211,쿠쿠홀딩스,192400,B,D,B,B+,2020,2021. 1분기
210,쿠쿠홈시스,284740,C,D,C,C,2020,2021. 1분기
209,큐로,15590,C,B,C,C,2020,2021. 1분기
208,큐캐피탈,16600,C,D,B,D,2020,2021. 1분기
207,크라운제과,264900,B,D,B+,B,2020,2021. 1분기
206,크라운해태홀딩스,5740,B,D,B+,B,2020,2021. 1분기
205,크리스탈,83790,C,D,C,B,2020,2021. 1분기
204,클리오,237880,B,D,B,B+,2020,2021. 1분기
203,키다리스튜디오,20120,B,B,B,B,2020,2021. 1분기
202,키움증권,39490,B,D,B+,B+,2020,2021. 1분기
201,태경산업,15890,B,B,B,B,2020,2021. 1분기
200,태경화학,6890,D,D,C,C,2020,2021. 1분기
199,태광산업,3240,C,B,B+,D,2020,2021. 1분기
198,태림포장,11280,C,B,C,C,2020,2021. 1분기
197,태양금속공업,4100,B,B+,B,B,2020,2021. 1분기
196,태영건설,9410,B+,B,B+,B+,2020,2021. 1분기
195,태원물산,1420,B,B,C,B,2020,2021. 1분기
194,태평양물산,7980,C,D,B+,B,2020,2021. 1분기
193,테스,95610,B,D,B+,B,2020,2021. 1분기
192,테스나,131970,B,C,B,B,2020,2021. 1분기
191,테이팩스,55490,B+,B+,B+,B,2020,2021. 1분기
190,테크윙,89030,B,C,B,B+,2020,2021. 1분기
189,텔코웨어,78000,B,D,B,B,2020,2021. 1분기
188,텔콘RF제약,200230,C,D,B,B,2020,2021. 1분기
187,토니모리,214420,C,D,C,B+,2020,2021. 1분기
186,티비에이치글로벌,84870,B,C,B,B+,2020,2021. 1분기
185,티씨케이,64760,B,C,B+,B,2020,2021. 1분기
184,티에이치엔,19180,B,B,B,B,2020,2021. 1분기
183,티웨이항공,91810,B,C,B,B,2020,2021. 1분기
182,티웨이홀딩스,4870,C,D,B,C,2020,2021. 1분기
181,티케이케미칼,104480,C,C,B,C,2020,2021. 1분기
180,파라다이스,34230,B,D,B+,B+,2020,2021. 1분기
179,파멥신,208340,C,D,B,C,2020,2021. 1분기
178,파미셀,5690,B,B,C,B,2020,2021. 1분기
177,파트론,91700,B,B,B+,B,2020,2021. 1분기
176,팜스코,36580,B,D,B+,B+,2020,2021. 1분기
175,팬오션,28670,B+,B,B,A,2020,2021. 1분기
174,퍼스텍,10820,C,B,B,C,2020,2021. 1분기
173,퍼시스,16800,B,B,B,B,2020,2021. 1분기
172,펄어비스,263750,B,D,B,B,2020,2021. 1분기
171,페이퍼코리아,1020,C,C,B,C,2020,2021. 1분기
170,평화산업,90080,B,B,B,B,2020,2021. 1분기
169,평화홀딩스,10770,B,C,B,B+,2020,2021. 1분기
168,포스코,5490,A,A,B,A+,2020,2021. 1분기
167,포스코 ICT,22100,B+,B,A,B+,2020,2021. 1분기
166,포스코강판,58430,A,B+,A+,B+,2020,2021. 1분기
165,포스코엠텍,9520,B+,B,B+,B+,2020,2021. 1분기
164,포스코인터내셔널,47050,A+,A,A+,A+,2020,2021. 1분기
163,포스코케미칼,3670,A,A,A+,B+,2020,2021. 1분기
162,푸르덴셜생명보험,839185,,,,B,2020,2021. 1분기(금융회사)
161,푸본현대생명보험,860086,,,,B+,2020,2021. 1분기(금융회사)
160,풀무원,17810,A+,A,A+,A+,2020,2021. 1분기
159,풍산,103140,B+,B+,A,B+,2020,2021. 1분기
158,풍산홀딩스,5810,B,B,B+,B,2020,2021. 1분기
157,필룩스,33180,C,C,B,B,2020,2021. 1분기
156,하나금융지주,86790,A,A,A,A,2020,2021. 1분기
155,하나금융투자,805992,,,,B+,2020,2021. 1분기(금융회사)
154,하나은행,4940,,,,B+,2020,2021. 1분기(금융회사)
153,하나제약,293480,B,D,B,B+,2020,2021. 1분기
152,하나카드,856659,,,,B+,2020,2021. 1분기(금융회사)
151,하나캐피탈,809337,,,,B+,2020,2021. 1분기(금융회사)
150,하나투어,39130,B,D,B,B,2020,2021. 1분기
149,하림,136480,B,C,B+,B+,2020,2021. 1분기
148,하림지주,3380,B+,C,B+,A,2020,2021. 1분기
147,하이스틸,71090,B,B,C,B,2020,2021. 1분기
146,하이투자증권,814270,,,,A,2020,2021. 1분기(금융회사)
145,하이트론씨스템즈,19490,B,D,B,B+,2020,2021. 1분기
144,하이트진로,80,B,B,B,B,2020,2021. 1분기
143,하이트진로홀딩스,140,B,C,B,B,2020,2021. 1분기
142,한국가스공사,36460,A,B+,A+,B+,2020,2021. 1분기
141,한국공항,5430,C,D,B,B,2020,2021. 1분기
140,한국금융지주,71050,B,D,B+,B+,2020,2021. 1분기
139,한국내화,10040,C,C,B,D,2020,2021. 1분기
138,한국단자공업,25540,C,C,B,B,2020,2021. 1분기
137,한국석유공업,4090,C,C,C,B,2020,2021. 1분기
136,한국수출포장공업,2200,B,B,C,B,2020,2021. 1분기
135,한국쉘석유,2960,B,C,B+,B,2020,2021. 1분기
134,한국스탠다드차타드은행,110,,,,A+,2020,2021. 1분기(금융회사)
133,한국씨티은행,16830,,,,B+,2020,2021. 1분기(금융회사)
132,한국아트라스비엑스,23890,B+,B,B,B+,2020,2021. 1분기
131,한국자산신탁,123890,C,D,B,C,2020,2021. 1분기
130,한국전력공사,15760,A,B+,A,A,2020,2021. 1분기
129,한국전자홀딩스,6200,C,C,B,C,2020,2021. 1분기
128,한국정보인증,53300,B,D,B+,B,2020,2021. 1분기
127,한국조선해양,9540,B+,B+,B+,A,2020,2021. 1분기
126,한국종합기술,23350,B,B,C,B,2020,2021. 1분기
125,한국주강,25890,C,D,C,C,2020,2021. 1분기
124,한국주철관공업,970,C,C,C,B,2020,2021. 1분기
123,한국철강,104700,C,B+,B,C,2020,2021. 1분기
122,한국카본,17960,B+,B,B,B+,2020,2021. 1분기
121,한국카카오은행,800197,,,,A,2020,2021. 1분기(금융회사)
120,한국캐피탈,23760,B,D,B,B,2020,2021. 1분기
119,한국콜마,161890,B+,B,B+,B+,2020,2021. 1분기
118,한국콜마홀딩스,24720,B,B,B,B,2020,2021. 1분기
117,한국타이어앤테크놀로지,161390,B+,A,A+,B,2020,2021. 1분기
116,한국테크놀로지그룹,240,B,B+,B+,B,2020,2021. 1분기
115,한국토지신탁,34830,C,D,B,C,2020,2021. 1분기
114,한국투자증권,804504,,,,B+,2020,2021. 1분기(금융회사)
113,한국특수형강,7280,B,B,B,B,2020,2021. 1분기
112,한국프랜지공업,10100,C,B,B+,C,2020,2021. 1분기
111,한국항공우주,47810,A,A,A+,A,2020,2021. 1분기
110,한국화장품,123690,B,D,B+,B,2020,2021. 1분기
109,한국화장품제조,3350,C,D,B,B,2020,2021. 1분기
108,한농화성,11500,C,C,C,B,2020,2021. 1분기
107,한독,2390,B+,B+,B+,B,2020,2021. 1분기
106,한라,14790,B+,B,B+,B+,2020,2021. 1분기
105,한라홀딩스,60980,B+,B,B+,A,2020,2021. 1분기
104,한미글로벌,53690,B+,B,B+,B+,2020,2021. 1분기
103,한미반도체,42700,C,D,C,B,2020,2021. 1분기
102,한미사이언스,8930,B,B,B,B,2020,2021. 1분기
101,한미약품,128940,A,B+,A+,B+,2020,2021. 1분기
100,한샘,9240,B+,B+,A+,B,2020,2021. 1분기
99,한섬,20000,A,B+,A,A,2020,2021. 1분기
98,한성기업,3680,C,D,B,C,2020,2021. 1분기
97,한세실업,105630,B,C,B,B+,2020,2021. 1분기
96,한세엠케이,69640,C,C,C,B,2020,2021. 1분기
95,한세예스24홀딩스,16450,B,C,B,B,2020,2021. 1분기
94,한솔로지스틱스,9180,B+,B,B+,A,2020,2021. 1분기
93,한솔제지,213500,A,A,A,A,2020,2021. 1분기
92,한솔케미칼,14680,B+,B,B+,B+,2020,2021. 1분기
91,한솔테크닉스,4710,B+,B+,B+,A,2020,2021. 1분기
90,한솔피엔에스,10420,A,B+,B+,A,2020,2021. 1분기
89,한솔홀딩스,4150,A,B+,A,A,2020,2021. 1분기
88,한솔홈데코,25750,B+,B,B+,A,2020,2021. 1분기
87,한신공영,4960,C,C,B,B,2020,2021. 1분기
86,한신기계공업,11700,C,B,C,C,2020,2021. 1분기
85,한양증권,1750,C,D,B+,C,2020,2021. 1분기
84,한온시스템,18880,B,B,B,B+,2020,2021. 1분기
83,한올바이오파마,9420,B,D,B+,B,2020,2021. 1분기
82,한익스프레스,14130,C,B,C,D,2020,2021. 1분기
81,한일시멘트,300720,B,C,B+,B,2020,2021. 1분기
80,한일철강,2220,D,D,D,C,2020,2021. 1분기
79,한일현대시멘트,6390,B+,B,B+,B+,2020,2021. 1분기
78,한일홀딩스,3300,B,D,B+,B+,2020,2021. 1분기
77,한전KPS,51600,B+,B+,A,B+,2020,2021. 1분기
76,한전기술,52690,B+,B+,A,B+,2020,2021. 1분기
75,한전산업,130660,B+,B,B+,B+,2020,2021. 1분기
74,한진,2320,B,B,C,B+,2020,2021. 1분기
73,한진중공업,97230,B,B,B,B+,2020,2021. 1분기
72,한진중공업홀딩스,3480,B,D,C,B+,2020,2021. 1분기
71,한진칼,180640,B+,B,B,A,2020,2021. 1분기
70,한창,5110,C,D,B,C,2020,2021. 1분기
69,한창제지,9460,B,B,C,B,2020,2021. 1분기
68,한화,880,A,B+,A,A,2020,2021. 1분기
67,한화생명,88350,A,A,A+,B+,2020,2021. 1분기
66,한화손해보험,370,B+,B,A,B,2020,2021. 1분기
65,한화솔루션,9830,B+,A,A,B,2020,2021. 1분기
64,한화에어로스페이스,12450,A,A,A,A,2020,2021. 1분기
63,한화투자증권,3530,B+,B,A,B+,2020,2021. 1분기
62,해성디에스,195870,A,A,A,A,2020,2021. 1분기
61,해태제과식품,101530,B,D,B+,B,2020,2021. 1분기
60,핸즈코퍼레이션,143210,B,B,B,B+,2020,2021. 1분기
59,헬릭스미스,84990,B,D,C,B+,2020,2021. 1분기
58,현대건설,720,A,A+,A,A,2020,2021. 1분기
57,현대건설기계,267270,A,B+,A,A,2020,2021. 1분기
56,현대그린푸드,5440,A,B+,A,A,2020,2021. 1분기
55,현대글로비스,86280,A,A,A+,A,2020,2021. 1분기
54,현대로템,64350,B+,B,A,B+,2020,2021. 1분기
53,현대리바트,79430,A,B,A,A,2020,2021. 1분기
52,현대모비스,12330,A,B+,A+,A,2020,2021. 1분기
51,현대미포조선,10620,A,A,A+,A,2020,2021. 1분기
50,현대백화점,69960,A,B+,A,A,2020,2021. 1분기
49,현대비앤지스틸,4560,B+,B+,A,B+,2020,2021. 1분기
48,현대약품,4310,B,B,B+,B,2020,2021. 1분기
47,현대에이치씨엔,126560,B+,C,A,A,2020,2021. 1분기
46,현대엘리베이터,17800,A,B+,A,A,2020,2021. 1분기
45,현대위아,11210,A,A,A+,A,2020,2021. 1분기
44,현대일렉트릭,267260,A,A,A+,A,2020,2021. 1분기
43,현대자동차,5380,A,A,A+,A,2020,2021. 1분기
42,현대제철,4020,B+,B+,A,B+,2020,2021. 1분기
41,현대종합상사,11760,B,D,B,B,2020,2021. 1분기
40,현대중공업지주,267250,A,B+,A,A,2020,2021. 1분기
39,현대차증권,1500,A,B,A+,A,2020,2021. 1분기
38,현대카드,815419,,,,A,2020,2021. 1분기(금융회사)
37,현대캐피탈,836248,,,,A+,2020,2021. 1분기(금융회사)
36,현대커머셜,888975,,,,A,2020,2021. 1분기(금융회사)
35,현대코퍼레이션홀딩스,227840,C,D,C,B,2020,2021. 1분기
34,현대해상,1450,A,B+,A,A,2020,2021. 1분기
33,현대홈쇼핑,57050,A,A,A,A,2020,2021. 1분기
32,형지엘리트,93240,C,D,B,C,2020,2021. 1분기
31,혜인,3010,C,B,C,C,2020,2021. 1분기
30,호전실업,111110,C,D,C,B+,2020,2021. 1분기
29,호텔신라,8770,A,A,A,A,2020,2021. 1분기
28,화성산업,2460,B,C,B,B+,2020,2021. 1분기
27,화승알앤에이,13520,B+,B+,B+,B+,2020,2021. 1분기
26,화승엔터프라이즈,241590,B+,B+,B,A,2020,2021. 1분기
25,화승인더스트리,6060,B,B,B,B+,2020,2021. 1분기
24,화신,10690,C,D,B+,B,2020,2021. 1분기
23,화인베스틸,133820,B,B,C,B,2020,2021. 1분기
22,화천기계,10660,C,B,B,C,2020,2021. 1분기
21,화천기공,850,C,D,C,B,2020,2021. 1분기
20,환인제약,16580,B,D,B+,B+,2020,2021. 1분기
19,황금에스티,32560,D,D,C,C,2020,2021. 1분기
18,효성,4800,B+,A,A+,B,2020,2021. 1분기
17,효성 ITX,94280,B+,C,B+,B+,2020,2021. 1분기
16,효성중공업,298040,A,A,A+,A,2020,2021. 1분기
15,효성첨단소재,298050,A+,A+,A+,A,2020,2021. 1분기
14,효성티앤씨,298020,A+,A+,A+,A,2020,2021. 1분기
13,효성화학,298000,A+,A+,A+,A,2020,2021. 1분기
12,후성,93370,C,B,C,C,2020,2021. 1분기
11,휠라홀딩스,81660,B+,B,B+,B+,2020,2021. 1분기
10,휴니드테크놀러지스,5870,C,C,B,B,2020,2021. 1분기
9,휴비스,79980,B+,B+,B+,B+,2020,2021. 1분기
8,휴스틸,5010,C,B,B,C,2020,2021. 1분기
7,휴온스,243070,B,D,B+,B,2020,2021. 1분기
6,휴온스글로벌,84110,B,D,B+,B,2020,2021. 1분기
5,휴젤,145020,C,C,C,B,2020,2021. 1분기
4,휴켐스,69260,C,B,B+,C,2020,2021. 1분기
3,흥국생명보험,818586,,,,B,2020,2021. 1분기(금융회사)
2,흥국화재,540,B,D,A,B,2020,2021. 1분기
1,흥아해운,3280,D,D,C,D,2020,2021. 1분기
